{"xs": [54, 55, 56, 57, 58, 59, 60, 61, 62, 63, 64, 65, 66, 67, 68, 69, 70, 71, 72, 73, 74, 75, 76, 77, 78, 79, 80, 81, 82, 83, 84, 85, 86, 87, 88, 89], "ys": [229, 322, 400, 650, 888, 1128, 1694, 2036, 2502, 3089, 3858, 4636, 5883, 7375, 9172, 10149, 12462, 15113, 17660, 21157, 24747, 27980, 31506, 35713, 41035, 47021, 53578, 59138, 63927, 69176, 74386, 80539, 86498, 92472, 97689, 101739], "xs_range": [55, 56, 57, 58, 59, 60, 61, 62, 63, 64, 65, 66, 67, 68, 69, 70, 71, 72, 73, 74, 75, 76, 77, 78, 79, 80, 81, 82, 83, 84, 85, 86, 87, 88, 89, 90, 91, 92, 93, 94, 95, 96, 97, 98, 99, 100, 101, 102, 103, 104, 105, 106, 107, 108, 109, 110, 111, 112, 113, 114, 115, 116, 117, 118, 119, 120, 121, 122, 123, 124, 125, 126, 127, 128, 129, 130, 131, 132, 133, 134, 135, 136, 137, 138, 139, 140, 141, 142, 143, 144, 145, 146], "logistic_ys": [875.9495789995855, 1051.3635116839046, 1261.56152329095, 1513.2904929382726, 1814.5401299303694, 2174.743191640897, 2604.995241855632, 3118.289763580374, 3729.760759361677, 4456.9197909177155, 5319.867391176699, 6341.449663737159, 7547.319620093551, 8965.849784865955, 10627.82897553916, 12565.864256147366, 14813.4027821859, 17403.29334487035, 20365.83123504351, 23726.280338050525, 27501.948697797456, 31699.007336206, 36309.37468005314, 41308.11317736674, 46651.859021049095, 52278.78370918509, 58110.43378980439, 64055.513629914356, 70015.31540268466, 75890.15375426259, 81585.93580464316, 87019.96577798044, 92125.25841282477, 96852.95732466722, 101172.82204516743, 105072.05962641336, 108552.96912280435, 111629.9253077381, 114326.17730110086, 116670.82339944168, 118696.18973221278, 120435.7193440404, 121922.38631884313, 123187.59025503516, 124260.45559010847, 125167.45050299143, 125932.24374630033, 126575.72850266691, 127116.15578340885, 127569.33324829295, 127948.8571723415, 128266.355043085, 128531.72388542461, 128753.35509807391, 128938.34067088549, 129092.65847681546, 129221.33620419301, 129328.59467167435, 129417.97195324175, 129492.43008850138, 129554.4462782088, 129606.09044801367, 129649.09096187752, 129684.89011929491, 129714.69090301782, 129739.49627283125, 129760.14213602, 129777.32497210932, 129791.62495098518, 129803.5252604913, 129813.42825180179, 129821.66891737973, 129828.52613589272, 129834.23204968838, 129838.97988193115, 129842.93045093612, 129846.2175973769, 129848.95270478746, 129851.22846414507, 129853.12200845878, 129854.69752245993, 129856.00841506026, 129857.09912767369, 129858.00663932574, 129858.76171931638, 129859.38996972484, 129859.91269297854, 129860.34761381499, 129860.70948005743, 129861.01056253385, 129861.26107106221, 129861.46950058875], "exponential_ys": [3708.0662400056626, 4101.316620914012, 4536.272260594741, 5017.356113719257, 5549.4602011775005, 6137.995355809864, 6788.946243807543, 7508.9322212801435, 8305.274644825653, 9186.07132056712, 10160.27884870954, 11237.803700958128, 12429.602956941282, 13747.795724001786, 15205.786373355886, 16818.40084577806, 18602.037412869555, 20574.833426964247, 22756.84975530989, 25170.274773989157, 27839.649995944153, 30792.119627458487, 34057.70659077415, 37669.617819648636, 41664.58193232479, 46083.2227156267, 50970.472218045696, 56376.02765245845, 62354.85675460385, 68967.75673618463, 76281.97251644461, 84371.88051886653, 93319.74498634352, 103216.55450560745, 114162.94724731747, 126270.2343303439, 139661.53171658446, 154473.01214626146, 170855.28984432254, 188974.95207866898, 209016.25314425104, 231182.98799871965, 255700.5646021756, 282818.29603410687, 312811.93569548783, 345986.4813758643, 382679.2766992804, 423263.4414868801, 468151.6659186634, 517800.40707629523, 572714.5305405348, 633452.4442425483, 700631.7767739231, 774935.6578967212, 857119.665118469, 948019.5069700975, 1048559.5211161135, 1159762.073712195, 1282757.9555898837, 1418797.880984572, 1569265.205734492, 1735689.9942788198, 1919764.578498739, 2123360.7666153316, 2348548.8771373425, 2597618.7914101523, 2873103.2388441814, 3177803.551604169, 3514818.1506525255, 3887574.0528139607, 4299861.719249009, 4755873.599701637, 5260246.764467915, 5818110.057599308, 6435136.250829921, 7117599.728567607, 7872440.290533423, 8707333.720842212, 9630769.841123614, 10652138.841386339, 11781826.76650209, 13031321.129287826, 14413327.72413862, 15941899.829060288, 17632581.109924104, 19502563.68010184, 21570862.922749028, 23858510.85346128, 26388769.989558924, 29187369.900784057, 32282768.846833844, 35706443.16225656], "zero_cases": {"end_date": "2020-05-27", "x": 147}, "inflection_point": [82.14668530853905, 64931.21219450598], "logistic_first_derivative_ys": [159.99648325324588, 191.77554889215344, 229.74153597737265, 275.0441925995165, 329.02299679913443, 393.22787039834265, 469.4371325637012, 559.66964818917, 666.1867976970508, 791.4782215540419, 938.22330257136, 1109.2181746802198, 1307.2559991634375, 1534.946911102542, 1794.4643639161245, 2087.2079753972184, 2413.381168413126, 2771.4967403759197, 3157.8461935866358, 3565.9985843253253, 3986.4277539699447, 4406.39422587733, 4810.21605336598, 5180.035697888166, 5497.1163959801615, 5743.58410865942, 5904.394051618622, 5969.188214251809, 5933.672291921858, 5800.208731897584, 5577.488902998388, 5279.360564588781, 4923.073740947167, 4527.30807601976, 4110.336133975838, 3688.5815364882533, 3275.695681157213, 2882.150110241152, 2515.2540090486864, 2179.466216809481, 1876.8703968977386, 1607.7053377675159, 1370.8749479327573, 1164.3939812268884, 985.7505332363165, 832.1834255131615, 700.8825554326222, 589.1248827242764, 494.35978049804635, 414.2565106895102, 346.72466909013104, 289.9162654728767, 242.21603995467373, 202.22484402273523, 168.73948607220396, 140.73134221111528, 117.32521831924471, 97.77936459886223, 81.46713695268286, 67.8605254513762, 56.515592432852515, 47.059753194902434, 39.18076961754862, 32.61729593968296, 27.150805280763656, 22.598727634541014, 18.808639699638356, 15.653360502826214, 13.02682204023252, 10.840599641064726, 9.021001599279467, 7.506631333224807, 6.246347705979132, 5.197560100326882, 4.324804428787198, 3.5985545622813024, 2.994230792094944, 2.49137303353685, 2.072951654023503, 1.724793198378696, 1.4351019692221598, 1.1940615709357492, 0.9935030485033468, 0.8266287009064398, 0.6877817911211725, 0.5722558328349778, 0.4761331082812029, 0.3961578437555285, 0.32960967830447163, 0.2742566750149031, 0.2281366360373795, 0.18929868438823733], "logistic_r": 0.9952435211115074, "exponential_r": 0.9769781912165976, "logistic_parameters": {"a": 0.18389551747105817, "b": 82.14669161018335, "c": 129862.50190075865}, "exponential_parameters": {"a": 5.991777658763717, "b": 0.10079753758895908, "c": -8.770185315825083}}